uf_destino;cidade;macro_regiao;dfiscal;origem;uf_origem;distancia_txt;dist_value;duracao_txt;duracao_value
SP;ADAMANTINA;PRESIDENTE PRUDENTE;SP 3500105;ITAPETININGA;SP;;;;
SP;ADOLFO;SÃO J. DO RIO PRETO;SP 3500204;ITAPETININGA;SP;;;;
SP;AGUAÍ;CAMPINAS;SP 3500303;ITAPETININGA;SP;;;;
SP;ÁGUAS DA PRATA;CAMPINAS;SP 3500402;ITAPETININGA;SP;;;;
SP;ÁGUAS DE LINDÓIA;CAMPINAS;SP 3500501;ITAPETININGA;SP;;;;
SP;ÁGUAS DE SANTA BÁRBARA;BAURU;SP 3500550;ITAPETININGA;SP;;;;
SP;ÁGUAS DE SÃO PEDRO;PIRACICABA;SP 3500600;ITAPETININGA;SP;;;;
SP;AGUDOS;BAURU;SP 3500709;ITAPETININGA;SP;;;;
SP;ALAMBARI;ITAPETININGA;SP 3500758;ITAPETININGA;SP;;;;
SP;ALFREDO MARCONDES;PRESIDENTE PRUDENTE;SP 3500808;ITAPETININGA;SP;;;;
SP;ALTAIR;SÃO J. DO RIO PRETO;SP 3500907;ITAPETININGA;SP;;;;
SP;ALTINÓPOLIS;RIBEIRÃO PRETO;SP 3501004;ITAPETININGA;SP;;;;
SP;ALTO ALEGRE;ARAÇATUBA;SP 3501103;ITAPETININGA;SP;;;;
SP;ALUMÍNIO;MACRO MET. PAULISTA;SP 3501152;ITAPETININGA;SP;;;;
SP;ÁLVARES FLORENCE;SÃO J. DO RIO PRETO;SP 3501202;ITAPETININGA;SP;;;;
SP;ÁLVARES MACHADO;PRESIDENTE PRUDENTE;SP 3501301;ITAPETININGA;SP;;;;
SP;ÁLVARO DE CARVALHO;MARÍLIA;SP 3501400;ITAPETININGA;SP;;;;
SP;ALVINLÂNDIA;MARÍLIA;SP 3501509;ITAPETININGA;SP;;;;
SP;AMERICANA;CAMPINAS;SP 3501608;ITAPETININGA;SP;;;;
SP;AMÉRICO BRASILIENSE;ARARAQUARA;SP 3501707;ITAPETININGA;SP;;;;
SP;AMÉRICO DE CAMPOS;SÃO J. DO RIO PRETO;SP 3501806;ITAPETININGA;SP;;;;
SP;AMPARO;CAMPINAS;SP 3501905;ITAPETININGA;SP;;;;
SP;ANALÂNDIA;ARARAQUARA;SP 3502002;ITAPETININGA;SP;;;;
SP;ANDRADINA;ARAÇATUBA;SP 3502101;ITAPETININGA;SP;;;;
SP;ANGATUBA;ITAPETININGA;SP 3502200;ITAPETININGA;SP;;;;
SP;ANHEMBI;BAURU;SP 3502309;ITAPETININGA;SP;;;;
SP;ANHUMAS;PRESIDENTE PRUDENTE;SP 3502408;ITAPETININGA;SP;;;;
SP;APARECIDA;VALE DO PARAÍBA;SP 3502507;ITAPETININGA;SP;;;;
SP;APARECIDA D'OESTE;SÃO J. DO RIO PRETO;SP 3502606;ITAPETININGA;SP;;;;
SP;APIAÍ;ITAPETININGA;SP 3502705;ITAPETININGA;SP;;;;
SP;ARAÇARIGUAMA;MACRO MET. PAULISTA;SP 3502754;ITAPETININGA;SP;;;;
SP;ARAÇATUBA;ARAÇATUBA;SP 3502804;ITAPETININGA;SP;;;;
SP;ARAÇOIABA DA SERRA;MACRO MET. PAULISTA;SP 3502903;ITAPETININGA;SP;;;;
SP;ARAMINA;RIBEIRÃO PRETO;SP 3503000;ITAPETININGA;SP;;;;
SP;ARANDU;BAURU;SP 3503109;ITAPETININGA;SP;;;;
SP;ARAPEÍ;VALE DO PARAÍBA;SP 3503158;ITAPETININGA;SP;;;;
SP;ARARAQUARA;ARARAQUARA;SP 3503208;ITAPETININGA;SP;;;;
SP;ARARAS;PIRACICABA;SP 3503307;ITAPETININGA;SP;;;;
SP;ARCO-ÍRIS;MARÍLIA;SP 3503356;ITAPETININGA;SP;;;;
SP;AREALVA;BAURU;SP 3503406;ITAPETININGA;SP;;;;
SP;AREIAS;VALE DO PARAÍBA;SP 3503505;ITAPETININGA;SP;;;;
SP;AREIÓPOLIS;BAURU;SP 3503604;ITAPETININGA;SP;;;;
SP;ARIRANHA;SÃO J. DO RIO PRETO;SP 3503703;ITAPETININGA;SP;;;;
SP;ARTUR NOGUEIRA;CAMPINAS;SP 3503802;ITAPETININGA;SP;;;;
SP;ARUJÁ;METROP. DE SÃO PAULO;SP 3503901;ITAPETININGA;SP;;;;
SP;ASPÁSIA;SÃO J. DO RIO PRETO;SP 3503950;ITAPETININGA;SP;;;;
SP;ASSIS;ASSIS;SP 3504008;ITAPETININGA;SP;;;;
SP;ATIBAIA;MACRO MET. PAULISTA;SP 3504107;ITAPETININGA;SP;;;;
SP;AURIFLAMA;SÃO J. DO RIO PRETO;SP 3504206;ITAPETININGA;SP;;;;
SP;AVAÍ;BAURU;SP 3504305;ITAPETININGA;SP;;;;
SP;AVANHANDAVA;ARAÇATUBA;SP 3504404;ITAPETININGA;SP;;;;
SP;AVARÉ;BAURU;SP 3504503;ITAPETININGA;SP;;;;
SP;BADY BASSITT;SÃO J. DO RIO PRETO;SP 3504602;ITAPETININGA;SP;;;;
SP;BALBINOS;BAURU;SP 3504701;ITAPETININGA;SP;;;;
SP;BÁLSAMO;SÃO J. DO RIO PRETO;SP 3504800;ITAPETININGA;SP;;;;
SP;BANANAL;VALE DO PARAÍBA;SP 3504909;ITAPETININGA;SP;;;;
SP;BARÃO DE ANTONINA;ITAPETININGA;SP 3505005;ITAPETININGA;SP;;;;
SP;BARBOSA;ARAÇATUBA;SP 3505104;ITAPETININGA;SP;;;;
SP;BARIRI;BAURU;SP 3505203;ITAPETININGA;SP;;;;
SP;BARRA BONITA;BAURU;SP 3505302;ITAPETININGA;SP;;;;
SP;BARRA DO CHAPÉU;ITAPETININGA;SP 3505351;ITAPETININGA;SP;;;;
SP;BARRA DO TURVO;LITORAL SUL PAULISTA;SP 3505401;ITAPETININGA;SP;;;;
SP;BARRETOS;RIBEIRÃO PRETO;SP 3505500;ITAPETININGA;SP;;;;
SP;BARRINHA;RIBEIRÃO PRETO;SP 3505609;ITAPETININGA;SP;;;;
SP;BARUERI;METROP. DE SÃO PAULO;SP 3505708;ITAPETININGA;SP;;;;
SP;BASTOS;MARÍLIA;SP 3505807;ITAPETININGA;SP;;;;
SP;BATATAIS;RIBEIRÃO PRETO;SP 3505906;ITAPETININGA;SP;;;;
SP;BAURU;BAURU;SP 3506003;ITAPETININGA;SP;;;;
SP;BEBEDOURO;RIBEIRÃO PRETO;SP 3506102;ITAPETININGA;SP;;;;
SP;BENTO DE ABREU;ARAÇATUBA;SP 3506201;ITAPETININGA;SP;;;;
SP;BERNARDINO DE CAMPOS;ASSIS;SP 3506300;ITAPETININGA;SP;;;;
SP;BERTIOGA;BAIXADA SANTISTA;SP 3506359;ITAPETININGA;SP;;;;
SP;BILAC;ARAÇATUBA;SP 3506409;ITAPETININGA;SP;;;;
SP;BIRIGUI;ARAÇATUBA;SP 3506508;ITAPETININGA;SP;;;;
SP;BIRITIBA-MIRIM;METROP. DE SÃO PAULO;SP 3506607;ITAPETININGA;SP;;;;
SP;BOA ESPERANÇA DO SUL;ARARAQUARA;SP 3506706;ITAPETININGA;SP;;;;
SP;BOCAINA;BAURU;SP 3506805;ITAPETININGA;SP;;;;
SP;BOFETE;BAURU;SP 3506904;ITAPETININGA;SP;;;;
SP;BOITUVA;ITAPETININGA;SP 3507001;ITAPETININGA;SP;;;;
SP;BOM JESUS DOS PERDÕES;MACRO MET. PAULISTA;SP 3507100;ITAPETININGA;SP;;;;
SP;BOM SUCESSO DE ITARARÉ;ITAPETININGA;SP 3507159;ITAPETININGA;SP;;;;
SP;BORÁ;ASSIS;SP 3507209;ITAPETININGA;SP;;;;
SP;BORACÉIA;BAURU;SP 3507308;ITAPETININGA;SP;;;;
SP;BORBOREMA;ARARAQUARA;SP 3507407;ITAPETININGA;SP;;;;
SP;BOREBI;BAURU;SP 3507456;ITAPETININGA;SP;;;;
SP;BOTUCATU;BAURU;SP 3507506;ITAPETININGA;SP;;;;
SP;BRAGANÇA PAULISTA;MACRO MET. PAULISTA;SP 3507605;ITAPETININGA;SP;;;;
SP;BRAÚNA;ARAÇATUBA;SP 3507704;ITAPETININGA;SP;;;;
SP;BREJO ALEGRE;ARAÇATUBA;SP 3507753;ITAPETININGA;SP;;;;
SP;BRODOWSKI;RIBEIRÃO PRETO;SP 3507803;ITAPETININGA;SP;;;;
SP;BROTAS;PIRACICABA;SP 3507902;ITAPETININGA;SP;;;;
SP;BURI;ITAPETININGA;SP 3508009;ITAPETININGA;SP;;;;
SP;BURITAMA;ARAÇATUBA;SP 3508108;ITAPETININGA;SP;;;;
SP;BURITIZAL;RIBEIRÃO PRETO;SP 3508207;ITAPETININGA;SP;;;;
SP;CABRÁLIA PAULISTA;BAURU;SP 3508306;ITAPETININGA;SP;;;;
SP;CABREÚVA;MACRO MET. PAULISTA;SP 3508405;ITAPETININGA;SP;;;;
SP;CAÇAPAVA;VALE DO PARAÍBA;SP 3508504;ITAPETININGA;SP;;;;
SP;CACHOEIRA PAULISTA;VALE DO PARAÍBA;SP 3508603;ITAPETININGA;SP;;;;
SP;CACONDE;CAMPINAS;SP 3508702;ITAPETININGA;SP;;;;
SP;CAFELÂNDIA;BAURU;SP 3508801;ITAPETININGA;SP;;;;
SP;CAIABU;PRESIDENTE PRUDENTE;SP 3508900;ITAPETININGA;SP;;;;
SP;CAIEIRAS;METROP. DE SÃO PAULO;SP 3509007;ITAPETININGA;SP;;;;
SP;CAIUÁ;PRESIDENTE PRUDENTE;SP 3509106;ITAPETININGA;SP;;;;
SP;CAJAMAR;METROP. DE SÃO PAULO;SP 3509205;ITAPETININGA;SP;;;;
SP;CAJATI;LITORAL SUL PAULISTA;SP 3509254;ITAPETININGA;SP;;;;
SP;CAJOBI;SÃO J. DO RIO PRETO;SP 3509304;ITAPETININGA;SP;;;;
SP;CAJURU;RIBEIRÃO PRETO;SP 3509403;ITAPETININGA;SP;;;;
SP;CAMPINA DO MONTE ALEGRE;ITAPETININGA;SP 3509452;ITAPETININGA;SP;;;;
SP;CAMPINAS;CAMPINAS;SP 3509502;ITAPETININGA;SP;;;;
SP;CAMPO LIMPO PAULISTA;MACRO MET. PAULISTA;SP 3509601;ITAPETININGA;SP;;;;
SP;CAMPOS DO JORDÃO;VALE DO PARAÍBA;SP 3509700;ITAPETININGA;SP;;;;
SP;CAMPOS NOVOS PAULISTA;ASSIS;SP 3509809;ITAPETININGA;SP;;;;
SP;CANANÉIA;LITORAL SUL PAULISTA;SP 3509908;ITAPETININGA;SP;;;;
SP;CANAS;VALE DO PARAÍBA;SP 3509957;ITAPETININGA;SP;;;;
SP;CÂNDIDO MOTA;ASSIS;SP 3510005;ITAPETININGA;SP;;;;
SP;CÂNDIDO RODRIGUES;RIBEIRÃO PRETO;SP 3510104;ITAPETININGA;SP;;;;
SP;CANITAR;ASSIS;SP 3510153;ITAPETININGA;SP;;;;
SP;CAPÃO BONITO;ITAPETININGA;SP 3510203;ITAPETININGA;SP;;;;
SP;CAPELA DO ALTO;MACRO MET. PAULISTA;SP 3510302;ITAPETININGA;SP;;;;
SP;CAPIVARI;PIRACICABA;SP 3510401;ITAPETININGA;SP;;;;
SP;CARAGUATATUBA;VALE DO PARAÍBA;SP 3510500;ITAPETININGA;SP;;;;
SP;CARAPICUÍBA;METROP. DE SÃO PAULO;SP 3510609;ITAPETININGA;SP;;;;
SP;CARDOSO;SÃO J. DO RIO PRETO;SP 3510708;ITAPETININGA;SP;;;;
SP;CASA BRANCA;CAMPINAS;SP 3510807;ITAPETININGA;SP;;;;
SP;CÁSSIA DOS COQUEIROS;RIBEIRÃO PRETO;SP 3510906;ITAPETININGA;SP;;;;
SP;CASTILHO;ARAÇATUBA;SP 3511003;ITAPETININGA;SP;;;;
SP;CATANDUVA;SÃO J. DO RIO PRETO;SP 3511102;ITAPETININGA;SP;;;;
SP;CATIGUÁ;SÃO J. DO RIO PRETO;SP 3511201;ITAPETININGA;SP;;;;
SP;CEDRAL;SÃO J. DO RIO PRETO;SP 3511300;ITAPETININGA;SP;;;;
SP;CERQUEIRA CÉSAR;BAURU;SP 3511409;ITAPETININGA;SP;;;;
SP;CERQUILHO;ITAPETININGA;SP 3511508;ITAPETININGA;SP;;;;
SP;CESÁRIO LANGE;ITAPETININGA;SP 3511607;ITAPETININGA;SP;;;;
SP;CHARQUEADA;PIRACICABA;SP 3511706;ITAPETININGA;SP;;;;
SP;CHAVANTES;ASSIS;SP 3557204;ITAPETININGA;SP;;;;
SP;CLEMENTINA;ARAÇATUBA;SP 3511904;ITAPETININGA;SP;;;;
SP;COLINA;RIBEIRÃO PRETO;SP 3512001;ITAPETININGA;SP;;;;
SP;COLÔMBIA;RIBEIRÃO PRETO;SP 3512100;ITAPETININGA;SP;;;;
SP;CONCHAL;PIRACICABA;SP 3512209;ITAPETININGA;SP;;;;
SP;CONCHAS;BAURU;SP 3512308;ITAPETININGA;SP;;;;
SP;CORDEIRÓPOLIS;PIRACICABA;SP 3512407;ITAPETININGA;SP;;;;
SP;COROADOS;ARAÇATUBA;SP 3512506;ITAPETININGA;SP;;;;
SP;CORONEL MACEDO;ITAPETININGA;SP 3512605;ITAPETININGA;SP;;;;
SP;CORUMBATAÍ;PIRACICABA;SP 3512704;ITAPETININGA;SP;;;;
SP;COSMÓPOLIS;CAMPINAS;SP 3512803;ITAPETININGA;SP;;;;
SP;COSMORAMA;SÃO J. DO RIO PRETO;SP 3512902;ITAPETININGA;SP;;;;
SP;COTIA;METROP. DE SÃO PAULO;SP 3513009;ITAPETININGA;SP;;;;
SP;CRAVINHOS;RIBEIRÃO PRETO;SP 3513108;ITAPETININGA;SP;;;;
SP;CRISTAIS PAULISTA;RIBEIRÃO PRETO;SP 3513207;ITAPETININGA;SP;;;;
SP;CRUZÁLIA;ASSIS;SP 3513306;ITAPETININGA;SP;;;;
SP;CRUZEIRO;VALE DO PARAÍBA;SP 3513405;ITAPETININGA;SP;;;;
SP;CUBATÃO;BAIXADA SANTISTA;SP 3513504;ITAPETININGA;SP;;;;
SP;CUNHA;VALE DO PARAÍBA;SP 3513603;ITAPETININGA;SP;;;;
SP;DESCALVADO;ARARAQUARA;SP 3513702;ITAPETININGA;SP;;;;
SP;DIADEMA;METROP. DE SÃO PAULO;SP 3513801;ITAPETININGA;SP;;;;
SP;DIRCE REIS;SÃO J. DO RIO PRETO;SP 3513850;ITAPETININGA;SP;;;;
SP;DIVINOLÂNDIA;CAMPINAS;SP 3513900;ITAPETININGA;SP;;;;
SP;DOBRADA;ARARAQUARA;SP 3514007;ITAPETININGA;SP;;;;
SP;DOIS CÓRREGOS;BAURU;SP 3514106;ITAPETININGA;SP;;;;
SP;DOLCINÓPOLIS;SÃO J. DO RIO PRETO;SP 3514205;ITAPETININGA;SP;;;;
SP;DOURADO;ARARAQUARA;SP 3514304;ITAPETININGA;SP;;;;
SP;DRACENA;PRESIDENTE PRUDENTE;SP 3514403;ITAPETININGA;SP;;;;
SP;DUARTINA;BAURU;SP 3514502;ITAPETININGA;SP;;;;
SP;DUMONT;RIBEIRÃO PRETO;SP 3514601;ITAPETININGA;SP;;;;
SP;ECHAPORÃ;MARÍLIA;SP 3514700;ITAPETININGA;SP;;;;
SP;ELDORADO;LITORAL SUL PAULISTA;SP 3514809;ITAPETININGA;SP;;;;
SP;ELIAS FAUSTO;CAMPINAS;SP 3514908;ITAPETININGA;SP;;;;
SP;ELISIÁRIO;SÃO J. DO RIO PRETO;SP 3514924;ITAPETININGA;SP;;;;
SP;EMBAÚBA;SÃO J. DO RIO PRETO;SP 3514957;ITAPETININGA;SP;;;;
SP;EMBU DAS ARTES;METROP. DE SÃO PAULO;SP 3515004;ITAPETININGA;SP;;;;
SP;EMBU-GUAÇU;METROP. DE SÃO PAULO;SP 3515103;ITAPETININGA;SP;;;;
SP;EMILIANÓPOLIS;PRESIDENTE PRUDENTE;SP 3515129;ITAPETININGA;SP;;;;
SP;ENGENHEIRO COELHO;CAMPINAS;SP 3515152;ITAPETININGA;SP;;;;
SP;ESPÍRITO SANTO DO PINHAL;CAMPINAS;SP 3515186;ITAPETININGA;SP;;;;
SP;ESPÍRITO SANTO DO TURVO;ASSIS;SP 3515194;ITAPETININGA;SP;;;;
SP;ESTIVA GERBI;CAMPINAS;SP 3557303;ITAPETININGA;SP;;;;
SP;ESTRELA DO NORTE;PRESIDENTE PRUDENTE;SP 3515301;ITAPETININGA;SP;;;;
SP;ESTRELA D'OESTE;SÃO J. DO RIO PRETO;SP 3515202;ITAPETININGA;SP;;;;
SP;EUCLIDES DA CUNHA PAULISTA;PRESIDENTE PRUDENTE;SP 3515350;ITAPETININGA;SP;;;;
SP;FARTURA;ASSIS;SP 3515400;ITAPETININGA;SP;;;;
SP;FERNANDO PRESTES;RIBEIRÃO PRETO;SP 3515608;ITAPETININGA;SP;;;;
SP;FERNANDÓPOLIS;SÃO J. DO RIO PRETO;SP 3515509;ITAPETININGA;SP;;;;
SP;FERNÃO;MARÍLIA;SP 3515657;ITAPETININGA;SP;;;;
SP;FERRAZ DE VASCONCELOS;METROP. DE SÃO PAULO;SP 3515707;ITAPETININGA;SP;;;;
SP;FLORA RICA;PRESIDENTE PRUDENTE;SP 3515806;ITAPETININGA;SP;;;;
SP;FLOREAL;SÃO J. DO RIO PRETO;SP 3515905;ITAPETININGA;SP;;;;
SP;FLÓRIDA PAULISTA;PRESIDENTE PRUDENTE;SP 3516002;ITAPETININGA;SP;;;;
SP;FLORÍNIA;ASSIS;SP 3516101;ITAPETININGA;SP;;;;
SP;FRANCA;RIBEIRÃO PRETO;SP 3516200;ITAPETININGA;SP;;;;
SP;FRANCISCO MORATO;METROP. DE SÃO PAULO;SP 3516309;ITAPETININGA;SP;;;;
SP;FRANCO DA ROCHA;METROP. DE SÃO PAULO;SP 3516408;ITAPETININGA;SP;;;;
SP;GABRIEL MONTEIRO;ARAÇATUBA;SP 3516507;ITAPETININGA;SP;;;;
SP;GÁLIA;MARÍLIA;SP 3516606;ITAPETININGA;SP;;;;
SP;GARÇA;MARÍLIA;SP 3516705;ITAPETININGA;SP;;;;
SP;GASTÃO VIDIGAL;SÃO J. DO RIO PRETO;SP 3516804;ITAPETININGA;SP;;;;
SP;GAVIÃO PEIXOTO;ARARAQUARA;SP 3516853;ITAPETININGA;SP;;;;
SP;GENERAL SALGADO;SÃO J. DO RIO PRETO;SP 3516903;ITAPETININGA;SP;;;;
SP;GETULINA;BAURU;SP 3517000;ITAPETININGA;SP;;;;
SP;GLICÉRIO;ARAÇATUBA;SP 3517109;ITAPETININGA;SP;;;;
SP;GUAIÇARA;BAURU;SP 3517208;ITAPETININGA;SP;;;;
SP;GUAIMBÊ;BAURU;SP 3517307;ITAPETININGA;SP;;;;
SP;GUAÍRA;RIBEIRÃO PRETO;SP 3517406;ITAPETININGA;SP;;;;
SP;GUAPIAÇU;SÃO J. DO RIO PRETO;SP 3517505;ITAPETININGA;SP;;;;
SP;GUAPIARA;ITAPETININGA;SP 3517604;ITAPETININGA;SP;;;;
SP;GUARÁ;RIBEIRÃO PRETO;SP 3517703;ITAPETININGA;SP;;;;
SP;GUARAÇAÍ;ARAÇATUBA;SP 3517802;ITAPETININGA;SP;;;;
SP;GUARACI;SÃO J. DO RIO PRETO;SP 3517901;ITAPETININGA;SP;;;;
SP;GUARANI D'OESTE;SÃO J. DO RIO PRETO;SP 3518008;ITAPETININGA;SP;;;;
SP;GUARANTÃ;BAURU;SP 3518107;ITAPETININGA;SP;;;;
SP;GUARARAPES;ARAÇATUBA;SP 3518206;ITAPETININGA;SP;;;;
SP;GUARAREMA;METROP. DE SÃO PAULO;SP 3518305;ITAPETININGA;SP;;;;
SP;GUARATINGUETÁ;VALE DO PARAÍBA;SP 3518404;ITAPETININGA;SP;;;;
SP;GUAREÍ;ITAPETININGA;SP 3518503;ITAPETININGA;SP;;;;
SP;GUARIBA;RIBEIRÃO PRETO;SP 3518602;ITAPETININGA;SP;;;;
SP;GUARUJÁ;BAIXADA SANTISTA;SP 3518701;ITAPETININGA;SP;;;;
SP;GUARULHOS;METROP. DE SÃO PAULO;SP 3518800;ITAPETININGA;SP;;;;
SP;GUATAPARÁ;RIBEIRÃO PRETO;SP 3518859;ITAPETININGA;SP;;;;
SP;GUZOLÂNDIA;SÃO J. DO RIO PRETO;SP 3518909;ITAPETININGA;SP;;;;
SP;HERCULÂNDIA;MARÍLIA;SP 3519006;ITAPETININGA;SP;;;;
SP;HOLAMBRA;CAMPINAS;SP 3519055;ITAPETININGA;SP;;;;
SP;HORTOLÂNDIA;CAMPINAS;SP 3519071;ITAPETININGA;SP;;;;
SP;IACANGA;BAURU;SP 3519105;ITAPETININGA;SP;;;;
SP;IACRI;MARÍLIA;SP 3519204;ITAPETININGA;SP;;;;
SP;IARAS;BAURU;SP 3519253;ITAPETININGA;SP;;;;
SP;IBATÉ;ARARAQUARA;SP 3519303;ITAPETININGA;SP;;;;
SP;IBIRÁ;SÃO J. DO RIO PRETO;SP 3519402;ITAPETININGA;SP;;;;
SP;IBIRAREMA;ASSIS;SP 3519501;ITAPETININGA;SP;;;;
SP;IBITINGA;ARARAQUARA;SP 3519600;ITAPETININGA;SP;;;;
SP;IBIÚNA;MACRO MET. PAULISTA;SP 3519709;ITAPETININGA;SP;;;;
SP;ICÉM;SÃO J. DO RIO PRETO;SP 3519808;ITAPETININGA;SP;;;;
SP;IEPÊ;ASSIS;SP 3519907;ITAPETININGA;SP;;;;
SP;IGARAÇU DO TIETÊ;BAURU;SP 3520004;ITAPETININGA;SP;;;;
SP;IGARAPAVA;RIBEIRÃO PRETO;SP 3520103;ITAPETININGA;SP;;;;
SP;IGARATÁ;VALE DO PARAÍBA;SP 3520202;ITAPETININGA;SP;;;;
SP;IGUAPE;LITORAL SUL PAULISTA;SP 3520301;ITAPETININGA;SP;;;;
SP;ILHA COMPRIDA;LITORAL SUL PAULISTA;SP 3520426;ITAPETININGA;SP;;;;
SP;ILHA SOLTEIRA;ARAÇATUBA;SP 3520442;ITAPETININGA;SP;;;;
SP;ILHABELA;VALE DO PARAÍBA;SP 3520400;ITAPETININGA;SP;;;;
SP;INDAIATUBA;CAMPINAS;SP 3520509;ITAPETININGA;SP;;;;
SP;INDIANA;PRESIDENTE PRUDENTE;SP 3520608;ITAPETININGA;SP;;;;
SP;INDIAPORÃ;SÃO J. DO RIO PRETO;SP 3520707;ITAPETININGA;SP;;;;
SP;INÚBIA PAULISTA;PRESIDENTE PRUDENTE;SP 3520806;ITAPETININGA;SP;;;;
SP;IPAUSSU;ASSIS;SP 3520905;ITAPETININGA;SP;;;;
SP;IPERÓ;MACRO MET. PAULISTA;SP 3521002;ITAPETININGA;SP;;;;
SP;IPEÚNA;PIRACICABA;SP 3521101;ITAPETININGA;SP;;;;
SP;IPIGUÁ;SÃO J. DO RIO PRETO;SP 3521150;ITAPETININGA;SP;;;;
SP;IPORANGA;ITAPETININGA;SP 3521200;ITAPETININGA;SP;;;;
SP;IPUÃ;RIBEIRÃO PRETO;SP 3521309;ITAPETININGA;SP;;;;
SP;IRACEMÁPOLIS;PIRACICABA;SP 3521408;ITAPETININGA;SP;;;;
SP;IRAPUÃ;SÃO J. DO RIO PRETO;SP 3521507;ITAPETININGA;SP;;;;
SP;IRAPURU;PRESIDENTE PRUDENTE;SP 3521606;ITAPETININGA;SP;;;;
SP;ITABERÁ;ITAPETININGA;SP 3521705;ITAPETININGA;SP;;;;
SP;ITAÍ;BAURU;SP 3521804;ITAPETININGA;SP;;;;
SP;ITAJOBI;SÃO J. DO RIO PRETO;SP 3521903;ITAPETININGA;SP;;;;
SP;ITAJU;BAURU;SP 3522000;ITAPETININGA;SP;;;;
SP;ITANHAÉM;BAIXADA SANTISTA;SP 3522109;ITAPETININGA;SP;;;;
SP;ITAÓCA;ITAPETININGA;SP 3522158;ITAPETININGA;SP;;;;
SP;ITAPECERICA DA SERRA;METROP. DE SÃO PAULO;SP 3522208;ITAPETININGA;SP;;;;
SP;ITAPETININGA;ITAPETININGA;SP 3522307;ITAPETININGA;SP;;;;
SP;ITAPEVA;ITAPETININGA;SP 3522406;ITAPETININGA;SP;;;;
SP;ITAPEVI;METROP. DE SÃO PAULO;SP 3522505;ITAPETININGA;SP;;;;
SP;ITAPIRA;CAMPINAS;SP 3522604;ITAPETININGA;SP;;;;
SP;ITAPIRAPUÃ PAULISTA;ITAPETININGA;SP 3522653;ITAPETININGA;SP;;;;
SP;ITÁPOLIS;ARARAQUARA;SP 3522703;ITAPETININGA;SP;;;;
SP;ITAPORANGA;ITAPETININGA;SP 3522802;ITAPETININGA;SP;;;;
SP;ITAPUÍ;BAURU;SP 3522901;ITAPETININGA;SP;;;;
SP;ITAPURA;ARAÇATUBA;SP 3523008;ITAPETININGA;SP;;;;
SP;ITAQUAQUECETUBA;METROP. DE SÃO PAULO;SP 3523107;ITAPETININGA;SP;;;;
SP;ITARARÉ;ITAPETININGA;SP 3523206;ITAPETININGA;SP;;;;
SP;ITARIRI;LITORAL SUL PAULISTA;SP 3523305;ITAPETININGA;SP;;;;
SP;ITATIBA;MACRO MET. PAULISTA;SP 3523404;ITAPETININGA;SP;;;;
SP;ITATINGA;BAURU;SP 3523503;ITAPETININGA;SP;;;;
SP;ITIRAPINA;PIRACICABA;SP 3523602;ITAPETININGA;SP;;;;
SP;ITIRAPUÃ;RIBEIRÃO PRETO;SP 3523701;ITAPETININGA;SP;;;;
SP;ITOBI;CAMPINAS;SP 3523800;ITAPETININGA;SP;;;;
SP;ITU;MACRO MET. PAULISTA;SP 3523909;ITAPETININGA;SP;;;;
SP;ITUPEVA;MACRO MET. PAULISTA;SP 3524006;ITAPETININGA;SP;;;;
SP;ITUVERAVA;RIBEIRÃO PRETO;SP 3524105;ITAPETININGA;SP;;;;
SP;JABORANDI;RIBEIRÃO PRETO;SP 3524204;ITAPETININGA;SP;;;;
SP;JABOTICABAL;RIBEIRÃO PRETO;SP 3524303;ITAPETININGA;SP;;;;
SP;JACAREÍ;VALE DO PARAÍBA;SP 3524402;ITAPETININGA;SP;;;;
SP;JACI;SÃO J. DO RIO PRETO;SP 3524501;ITAPETININGA;SP;;;;
SP;JACUPIRANGA;LITORAL SUL PAULISTA;SP 3524600;ITAPETININGA;SP;;;;
SP;JAGUARIÚNA;CAMPINAS;SP 3524709;ITAPETININGA;SP;;;;
SP;JALES;SÃO J. DO RIO PRETO;SP 3524808;ITAPETININGA;SP;;;;
SP;JAMBEIRO;VALE DO PARAÍBA;SP 3524907;ITAPETININGA;SP;;;;
SP;JANDIRA;METROP. DE SÃO PAULO;SP 3525003;ITAPETININGA;SP;;;;
SP;JARDINÓPOLIS;RIBEIRÃO PRETO;SP 3525102;ITAPETININGA;SP;;;;
SP;JARINU;MACRO MET. PAULISTA;SP 3525201;ITAPETININGA;SP;;;;
SP;JAÚ;BAURU;SP 3525300;ITAPETININGA;SP;;;;
SP;JERIQUARA;RIBEIRÃO PRETO;SP 3525409;ITAPETININGA;SP;;;;
SP;JOANÓPOLIS;MACRO MET. PAULISTA;SP 3525508;ITAPETININGA;SP;;;;
SP;JOÃO RAMALHO;PRESIDENTE PRUDENTE;SP 3525607;ITAPETININGA;SP;;;;
SP;JOSÉ BONIFÁCIO;SÃO J. DO RIO PRETO;SP 3525706;ITAPETININGA;SP;;;;
SP;JÚLIO MESQUITA;BAURU;SP 3525805;ITAPETININGA;SP;;;;
SP;JUMIRIM;PIRACICABA;SP 3525854;ITAPETININGA;SP;;;;
SP;JUNDIAÍ;MACRO MET. PAULISTA;SP 3525904;ITAPETININGA;SP;;;;
SP;JUNQUEIRÓPOLIS;PRESIDENTE PRUDENTE;SP 3526001;ITAPETININGA;SP;;;;
SP;JUQUIÁ;LITORAL SUL PAULISTA;SP 3526100;ITAPETININGA;SP;;;;
SP;JUQUITIBA;METROP. DE SÃO PAULO;SP 3526209;ITAPETININGA;SP;;;;
SP;LAGOINHA;VALE DO PARAÍBA;SP 3526308;ITAPETININGA;SP;;;;
SP;LARANJAL PAULISTA;ITAPETININGA;SP 3526407;ITAPETININGA;SP;;;;
SP;LAVÍNIA;ARAÇATUBA;SP 3526506;ITAPETININGA;SP;;;;
SP;LAVRINHAS;VALE DO PARAÍBA;SP 3526605;ITAPETININGA;SP;;;;
SP;LEME;PIRACICABA;SP 3526704;ITAPETININGA;SP;;;;
SP;LENÇÓIS PAULISTA;BAURU;SP 3526803;ITAPETININGA;SP;;;;
SP;LIMEIRA;PIRACICABA;SP 3526902;ITAPETININGA;SP;;;;
SP;LINDÓIA;CAMPINAS;SP 3527009;ITAPETININGA;SP;;;;
SP;LINS;BAURU;SP 3527108;ITAPETININGA;SP;;;;
SP;LORENA;VALE DO PARAÍBA;SP 3527207;ITAPETININGA;SP;;;;
SP;LOURDES;ARAÇATUBA;SP 3527256;ITAPETININGA;SP;;;;
SP;LOUVEIRA;MACRO MET. PAULISTA;SP 3527306;ITAPETININGA;SP;;;;
SP;LUCÉLIA;PRESIDENTE PRUDENTE;SP 3527405;ITAPETININGA;SP;;;;
SP;LUCIANÓPOLIS;BAURU;SP 3527504;ITAPETININGA;SP;;;;
SP;LUÍS ANTÔNIO;RIBEIRÃO PRETO;SP 3527603;ITAPETININGA;SP;;;;
SP;LUIZIÂNIA;ARAÇATUBA;SP 3527702;ITAPETININGA;SP;;;;
SP;LUPÉRCIO;MARÍLIA;SP 3527801;ITAPETININGA;SP;;;;
SP;LUTÉCIA;ASSIS;SP 3527900;ITAPETININGA;SP;;;;
SP;MACATUBA;BAURU;SP 3528007;ITAPETININGA;SP;;;;
SP;MACAUBAL;SÃO J. DO RIO PRETO;SP 3528106;ITAPETININGA;SP;;;;
SP;MACEDÔNIA;SÃO J. DO RIO PRETO;SP 3528205;ITAPETININGA;SP;;;;
SP;MAGDA;SÃO J. DO RIO PRETO;SP 3528304;ITAPETININGA;SP;;;;
SP;MAIRINQUE;MACRO MET. PAULISTA;SP 3528403;ITAPETININGA;SP;;;;
SP;MAIRIPORÃ;METROP. DE SÃO PAULO;SP 3528502;ITAPETININGA;SP;;;;
SP;MANDURI;ASSIS;SP 3528601;ITAPETININGA;SP;;;;
SP;MARABÁ PAULISTA;PRESIDENTE PRUDENTE;SP 3528700;ITAPETININGA;SP;;;;
SP;MARACAÍ;ASSIS;SP 3528809;ITAPETININGA;SP;;;;
SP;MARAPOAMA;SÃO J. DO RIO PRETO;SP 3528858;ITAPETININGA;SP;;;;
SP;MARIÁPOLIS;PRESIDENTE PRUDENTE;SP 3528908;ITAPETININGA;SP;;;;
SP;MARÍLIA;MARÍLIA;SP 3529005;ITAPETININGA;SP;;;;
SP;MARINÓPOLIS;SÃO J. DO RIO PRETO;SP 3529104;ITAPETININGA;SP;;;;
SP;MARTINÓPOLIS;PRESIDENTE PRUDENTE;SP 3529203;ITAPETININGA;SP;;;;
SP;MATÃO;ARARAQUARA;SP 3529302;ITAPETININGA;SP;;;;
SP;MAUÁ;METROP. DE SÃO PAULO;SP 3529401;ITAPETININGA;SP;;;;
SP;MENDONÇA;SÃO J. DO RIO PRETO;SP 3529500;ITAPETININGA;SP;;;;
SP;MERIDIANO;SÃO J. DO RIO PRETO;SP 3529609;ITAPETININGA;SP;;;;
SP;MESÓPOLIS;SÃO J. DO RIO PRETO;SP 3529658;ITAPETININGA;SP;;;;
SP;MIGUELÓPOLIS;RIBEIRÃO PRETO;SP 3529708;ITAPETININGA;SP;;;;
SP;MINEIROS DO TIETÊ;BAURU;SP 3529807;ITAPETININGA;SP;;;;
SP;MIRA ESTRELA;SÃO J. DO RIO PRETO;SP 3530003;ITAPETININGA;SP;;;;
SP;MIRACATU;LITORAL SUL PAULISTA;SP 3529906;ITAPETININGA;SP;;;;
SP;MIRANDÓPOLIS;ARAÇATUBA;SP 3530102;ITAPETININGA;SP;;;;
SP;MIRANTE DO PARANAPANEMA;PRESIDENTE PRUDENTE;SP 3530201;ITAPETININGA;SP;;;;
SP;MIRASSOL;SÃO J. DO RIO PRETO;SP 3530300;ITAPETININGA;SP;;;;
SP;MIRASSOLÂNDIA;SÃO J. DO RIO PRETO;SP 3530409;ITAPETININGA;SP;;;;
SP;MOCOCA;CAMPINAS;SP 3530508;ITAPETININGA;SP;;;;
SP;MOGI DAS CRUZES;METROP. DE SÃO PAULO;SP 3530607;ITAPETININGA;SP;;;;
SP;MOGI GUAÇU;CAMPINAS;SP 3530706;ITAPETININGA;SP;;;;
SP;MOGI MIRIM;CAMPINAS;SP 3530805;ITAPETININGA;SP;;;;
SP;MOMBUCA;PIRACICABA;SP 3530904;ITAPETININGA;SP;;;;
SP;MONÇÕES;SÃO J. DO RIO PRETO;SP 3531001;ITAPETININGA;SP;;;;
SP;MONGAGUÁ;BAIXADA SANTISTA;SP 3531100;ITAPETININGA;SP;;;;
SP;MONTE ALEGRE DO SUL;CAMPINAS;SP 3531209;ITAPETININGA;SP;;;;
SP;MONTE ALTO;RIBEIRÃO PRETO;SP 3531308;ITAPETININGA;SP;;;;
SP;MONTE APRAZÍVEL;SÃO J. DO RIO PRETO;SP 3531407;ITAPETININGA;SP;;;;
SP;MONTE AZUL PAULISTA;RIBEIRÃO PRETO;SP 3531506;ITAPETININGA;SP;;;;
SP;MONTE CASTELO;PRESIDENTE PRUDENTE;SP 3531605;ITAPETININGA;SP;;;;
SP;MONTE MOR;CAMPINAS;SP 3531803;ITAPETININGA;SP;;;;
SP;MONTEIRO LOBATO;VALE DO PARAÍBA;SP 3531704;ITAPETININGA;SP;;;;
SP;MORRO AGUDO;RIBEIRÃO PRETO;SP 3531902;ITAPETININGA;SP;;;;
SP;MORUNGABA;MACRO MET. PAULISTA;SP 3532009;ITAPETININGA;SP;;;;
SP;MOTUCA;ARARAQUARA;SP 3532058;ITAPETININGA;SP;;;;
SP;MURUTINGA DO SUL;ARAÇATUBA;SP 3532108;ITAPETININGA;SP;;;;
SP;NANTES;ASSIS;SP 3532157;ITAPETININGA;SP;;;;
SP;NARANDIBA;PRESIDENTE PRUDENTE;SP 3532207;ITAPETININGA;SP;;;;
SP;NATIVIDADE DA SERRA;VALE DO PARAÍBA;SP 3532306;ITAPETININGA;SP;;;;
SP;NAZARÉ PAULISTA;MACRO MET. PAULISTA;SP 3532405;ITAPETININGA;SP;;;;
SP;NEVES PAULISTA;SÃO J. DO RIO PRETO;SP 3532504;ITAPETININGA;SP;;;;
SP;NHANDEARA;SÃO J. DO RIO PRETO;SP 3532603;ITAPETININGA;SP;;;;
SP;NIPOÃ;SÃO J. DO RIO PRETO;SP 3532702;ITAPETININGA;SP;;;;
SP;NOVA ALIANÇA;SÃO J. DO RIO PRETO;SP 3532801;ITAPETININGA;SP;;;;
SP;NOVA CAMPINA;ITAPETININGA;SP 3532827;ITAPETININGA;SP;;;;
SP;NOVA CANAÃ PAULISTA;SÃO J. DO RIO PRETO;SP 3532843;ITAPETININGA;SP;;;;
SP;NOVA CASTILHO;SÃO J. DO RIO PRETO;SP 3532868;ITAPETININGA;SP;;;;
SP;NOVA EUROPA;ARARAQUARA;SP 3532900;ITAPETININGA;SP;;;;
SP;NOVA GRANADA;SÃO J. DO RIO PRETO;SP 3533007;ITAPETININGA;SP;;;;
SP;NOVA GUATAPORANGA;PRESIDENTE PRUDENTE;SP 3533106;ITAPETININGA;SP;;;;
SP;NOVA INDEPENDÊNCIA;ARAÇATUBA;SP 3533205;ITAPETININGA;SP;;;;
SP;NOVA LUZITÂNIA;SÃO J. DO RIO PRETO;SP 3533304;ITAPETININGA;SP;;;;
SP;NOVA ODESSA;CAMPINAS;SP 3533403;ITAPETININGA;SP;;;;
SP;NOVAIS;SÃO J. DO RIO PRETO;SP 3533254;ITAPETININGA;SP;;;;
SP;NOVO HORIZONTE;SÃO J. DO RIO PRETO;SP 3533502;ITAPETININGA;SP;;;;
SP;NUPORANGA;RIBEIRÃO PRETO;SP 3533601;ITAPETININGA;SP;;;;
SP;OCAUÇU;MARÍLIA;SP 3533700;ITAPETININGA;SP;;;;
SP;ÓLEO;ASSIS;SP 3533809;ITAPETININGA;SP;;;;
SP;OLÍMPIA;SÃO J. DO RIO PRETO;SP 3533908;ITAPETININGA;SP;;;;
SP;ONDA VERDE;SÃO J. DO RIO PRETO;SP 3534005;ITAPETININGA;SP;;;;
SP;ORIENTE;MARÍLIA;SP 3534104;ITAPETININGA;SP;;;;
SP;ORINDIÚVA;SÃO J. DO RIO PRETO;SP 3534203;ITAPETININGA;SP;;;;
SP;ORLÂNDIA;RIBEIRÃO PRETO;SP 3534302;ITAPETININGA;SP;;;;
SP;OSASCO;METROP. DE SÃO PAULO;SP 3534401;ITAPETININGA;SP;;;;
SP;OSCAR BRESSANE;MARÍLIA;SP 3534500;ITAPETININGA;SP;;;;
SP;OSVALDO CRUZ;PRESIDENTE PRUDENTE;SP 3534609;ITAPETININGA;SP;;;;
SP;OURINHOS;ASSIS;SP 3534708;ITAPETININGA;SP;;;;
SP;OURO VERDE;PRESIDENTE PRUDENTE;SP 3534807;ITAPETININGA;SP;;;;
SP;OUROESTE;SÃO J. DO RIO PRETO;SP 3534757;ITAPETININGA;SP;;;;
SP;PACAEMBU;PRESIDENTE PRUDENTE;SP 3534906;ITAPETININGA;SP;;;;
SP;PALESTINA;SÃO J. DO RIO PRETO;SP 3535002;ITAPETININGA;SP;;;;
SP;PALMARES PAULISTA;SÃO J. DO RIO PRETO;SP 3535101;ITAPETININGA;SP;;;;
SP;PALMEIRA D'OESTE;SÃO J. DO RIO PRETO;SP 3535200;ITAPETININGA;SP;;;;
SP;PALMITAL;ASSIS;SP 3535309;ITAPETININGA;SP;;;;
SP;PANORAMA;PRESIDENTE PRUDENTE;SP 3535408;ITAPETININGA;SP;;;;
SP;PARAGUAÇU PAULISTA;ASSIS;SP 3535507;ITAPETININGA;SP;;;;
SP;PARAIBUNA;VALE DO PARAÍBA;SP 3535606;ITAPETININGA;SP;;;;
SP;PARAÍSO;SÃO J. DO RIO PRETO;SP 3535705;ITAPETININGA;SP;;;;
SP;PARANAPANEMA;BAURU;SP 3535804;ITAPETININGA;SP;;;;
SP;PARANAPUÃ;SÃO J. DO RIO PRETO;SP 3535903;ITAPETININGA;SP;;;;
SP;PARAPUÃ;PRESIDENTE PRUDENTE;SP 3536000;ITAPETININGA;SP;;;;
SP;PARDINHO;BAURU;SP 3536109;ITAPETININGA;SP;;;;
SP;PARIQUERA-AÇU;LITORAL SUL PAULISTA;SP 3536208;ITAPETININGA;SP;;;;
SP;PARISI;SÃO J. DO RIO PRETO;SP 3536257;ITAPETININGA;SP;;;;
SP;PATROCÍNIO PAULISTA;RIBEIRÃO PRETO;SP 3536307;ITAPETININGA;SP;;;;
SP;PAULICÉIA;PRESIDENTE PRUDENTE;SP 3536406;ITAPETININGA;SP;;;;
SP;PAULÍNIA;CAMPINAS;SP 3536505;ITAPETININGA;SP;;;;
SP;PAULISTÂNIA;BAURU;SP 3536570;ITAPETININGA;SP;;;;
SP;PAULO DE FARIA;SÃO J. DO RIO PRETO;SP 3536604;ITAPETININGA;SP;;;;
SP;PEDERNEIRAS;BAURU;SP 3536703;ITAPETININGA;SP;;;;
SP;PEDRA BELA;CAMPINAS;SP 3536802;ITAPETININGA;SP;;;;
SP;PEDRANÓPOLIS;SÃO J. DO RIO PRETO;SP 3536901;ITAPETININGA;SP;;;;
SP;PEDREGULHO;RIBEIRÃO PRETO;SP 3537008;ITAPETININGA;SP;;;;
SP;PEDREIRA;CAMPINAS;SP 3537107;ITAPETININGA;SP;;;;
SP;PEDRINHAS PAULISTA;ASSIS;SP 3537156;ITAPETININGA;SP;;;;
SP;PEDRO DE TOLEDO;BAIXADA SANTISTA;SP 3537206;ITAPETININGA;SP;;;;
SP;PENÁPOLIS;ARAÇATUBA;SP 3537305;ITAPETININGA;SP;;;;
SP;PEREIRA BARRETO;ARAÇATUBA;SP 3537404;ITAPETININGA;SP;;;;
SP;PEREIRAS;ITAPETININGA;SP 3537503;ITAPETININGA;SP;;;;
SP;PERUÍBE;BAIXADA SANTISTA;SP 3537602;ITAPETININGA;SP;;;;
SP;PIACATU;ARAÇATUBA;SP 3537701;ITAPETININGA;SP;;;;
SP;PIEDADE;MACRO MET. PAULISTA;SP 3537800;ITAPETININGA;SP;;;;
SP;PILAR DO SUL;MACRO MET. PAULISTA;SP 3537909;ITAPETININGA;SP;;;;
SP;PINDAMONHANGABA;VALE DO PARAÍBA;SP 3538006;ITAPETININGA;SP;;;;
SP;PINDORAMA;SÃO J. DO RIO PRETO;SP 3538105;ITAPETININGA;SP;;;;
SP;PINHALZINHO;CAMPINAS;SP 3538204;ITAPETININGA;SP;;;;
SP;PIQUEROBI;PRESIDENTE PRUDENTE;SP 3538303;ITAPETININGA;SP;;;;
SP;PIQUETE;VALE DO PARAÍBA;SP 3538501;ITAPETININGA;SP;;;;
SP;PIRACAIA;MACRO MET. PAULISTA;SP 3538600;ITAPETININGA;SP;;;;
SP;PIRACICABA;PIRACICABA;SP 3538709;ITAPETININGA;SP;;;;
SP;PIRAJU;ASSIS;SP 3538808;ITAPETININGA;SP;;;;
SP;PIRAJUÍ;BAURU;SP 3538907;ITAPETININGA;SP;;;;
SP;PIRANGI;RIBEIRÃO PRETO;SP 3539004;ITAPETININGA;SP;;;;
SP;PIRAPORA DO BOM JESUS;METROP. DE SÃO PAULO;SP 3539103;ITAPETININGA;SP;;;;
SP;PIRAPOZINHO;PRESIDENTE PRUDENTE;SP 3539202;ITAPETININGA;SP;;;;
SP;PIRASSUNUNGA;CAMPINAS;SP 3539301;ITAPETININGA;SP;;;;
SP;PIRATININGA;BAURU;SP 3539400;ITAPETININGA;SP;;;;
SP;PITANGUEIRAS;RIBEIRÃO PRETO;SP 3539509;ITAPETININGA;SP;;;;
SP;PLANALTO;SÃO J. DO RIO PRETO;SP 3539608;ITAPETININGA;SP;;;;
SP;PLATINA;ASSIS;SP 3539707;ITAPETININGA;SP;;;;
SP;POÁ;METROP. DE SÃO PAULO;SP 3539806;ITAPETININGA;SP;;;;
SP;POLONI;SÃO J. DO RIO PRETO;SP 3539905;ITAPETININGA;SP;;;;
SP;POMPÉIA;MARÍLIA;SP 3540002;ITAPETININGA;SP;;;;
SP;PONGAÍ;BAURU;SP 3540101;ITAPETININGA;SP;;;;
SP;PONTAL;RIBEIRÃO PRETO;SP 3540200;ITAPETININGA;SP;;;;
SP;PONTALINDA;SÃO J. DO RIO PRETO;SP 3540259;ITAPETININGA;SP;;;;
SP;PONTES GESTAL;SÃO J. DO RIO PRETO;SP 3540309;ITAPETININGA;SP;;;;
SP;POPULINA;SÃO J. DO RIO PRETO;SP 3540408;ITAPETININGA;SP;;;;
SP;PORANGABA;ITAPETININGA;SP 3540507;ITAPETININGA;SP;;;;
SP;PORTO FELIZ;MACRO MET. PAULISTA;SP 3540606;ITAPETININGA;SP;;;;
SP;PORTO FERREIRA;CAMPINAS;SP 3540705;ITAPETININGA;SP;;;;
SP;POTIM;VALE DO PARAÍBA;SP 3540754;ITAPETININGA;SP;;;;
SP;POTIRENDABA;SÃO J. DO RIO PRETO;SP 3540804;ITAPETININGA;SP;;;;
SP;PRACINHA;PRESIDENTE PRUDENTE;SP 3540853;ITAPETININGA;SP;;;;
SP;PRADÓPOLIS;RIBEIRÃO PRETO;SP 3540903;ITAPETININGA;SP;;;;
SP;PRAIA GRANDE;BAIXADA SANTISTA;SP 3541000;ITAPETININGA;SP;;;;
SP;PRATÂNIA;BAURU;SP 3541059;ITAPETININGA;SP;;;;
SP;PRESIDENTE ALVES;BAURU;SP 3541109;ITAPETININGA;SP;;;;
SP;PRESIDENTE BERNARDES;PRESIDENTE PRUDENTE;SP 3541208;ITAPETININGA;SP;;;;
SP;PRESIDENTE EPITÁCIO;PRESIDENTE PRUDENTE;SP 3541307;ITAPETININGA;SP;;;;
SP;PRESIDENTE PRUDENTE;PRESIDENTE PRUDENTE;SP 3541406;ITAPETININGA;SP;;;;
SP;PRESIDENTE VENCESLAU;PRESIDENTE PRUDENTE;SP 3541505;ITAPETININGA;SP;;;;
SP;PROMISSÃO;BAURU;SP 3541604;ITAPETININGA;SP;;;;
SP;QUADRA;ITAPETININGA;SP 3541653;ITAPETININGA;SP;;;;
SP;QUATÁ;ASSIS;SP 3541703;ITAPETININGA;SP;;;;
SP;QUEIROZ;MARÍLIA;SP 3541802;ITAPETININGA;SP;;;;
SP;QUELUZ;VALE DO PARAÍBA;SP 3541901;ITAPETININGA;SP;;;;
SP;QUINTANA;MARÍLIA;SP 3542008;ITAPETININGA;SP;;;;
SP;RAFARD;PIRACICABA;SP 3542107;ITAPETININGA;SP;;;;
SP;RANCHARIA;PRESIDENTE PRUDENTE;SP 3542206;ITAPETININGA;SP;;;;
SP;REDENÇÃO DA SERRA;VALE DO PARAÍBA;SP 3542305;ITAPETININGA;SP;;;;
SP;REGENTE FEIJÓ;PRESIDENTE PRUDENTE;SP 3542404;ITAPETININGA;SP;;;;
SP;REGINÓPOLIS;BAURU;SP 3542503;ITAPETININGA;SP;;;;
SP;REGISTRO;LITORAL SUL PAULISTA;SP 3542602;ITAPETININGA;SP;;;;
SP;RESTINGA;RIBEIRÃO PRETO;SP 3542701;ITAPETININGA;SP;;;;
SP;RIBEIRA;ITAPETININGA;SP 3542800;ITAPETININGA;SP;;;;
SP;RIBEIRÃO BONITO;ARARAQUARA;SP 3542909;ITAPETININGA;SP;;;;
SP;RIBEIRÃO BRANCO;ITAPETININGA;SP 3543006;ITAPETININGA;SP;;;;
SP;RIBEIRÃO CORRENTE;RIBEIRÃO PRETO;SP 3543105;ITAPETININGA;SP;;;;
SP;RIBEIRÃO DO SUL;ASSIS;SP 3543204;ITAPETININGA;SP;;;;
SP;RIBEIRÃO DOS ÍNDIOS;PRESIDENTE PRUDENTE;SP 3543238;ITAPETININGA;SP;;;;
SP;RIBEIRÃO GRANDE;ITAPETININGA;SP 3543253;ITAPETININGA;SP;;;;
SP;RIBEIRÃO PIRES;METROP. DE SÃO PAULO;SP 3543303;ITAPETININGA;SP;;;;
SP;RIBEIRÃO PRETO;RIBEIRÃO PRETO;SP 3543402;ITAPETININGA;SP;;;;
SP;RIFAINA;RIBEIRÃO PRETO;SP 3543600;ITAPETININGA;SP;;;;
SP;RINCÃO;ARARAQUARA;SP 3543709;ITAPETININGA;SP;;;;
SP;RINÓPOLIS;PRESIDENTE PRUDENTE;SP 3543808;ITAPETININGA;SP;;;;
SP;RIO CLARO;PIRACICABA;SP 3543907;ITAPETININGA;SP;;;;
SP;RIO DAS PEDRAS;PIRACICABA;SP 3544004;ITAPETININGA;SP;;;;
SP;RIO GRANDE DA SERRA;METROP. DE SÃO PAULO;SP 3544103;ITAPETININGA;SP;;;;
SP;RIOLÂNDIA;SÃO J. DO RIO PRETO;SP 3544202;ITAPETININGA;SP;;;;
SP;RIVERSUL;ITAPETININGA;SP 3543501;ITAPETININGA;SP;;;;
SP;ROSANA;PRESIDENTE PRUDENTE;SP 3544251;ITAPETININGA;SP;;;;
SP;ROSEIRA;VALE DO PARAÍBA;SP 3544301;ITAPETININGA;SP;;;;
SP;RUBIÁCEA;ARAÇATUBA;SP 3544400;ITAPETININGA;SP;;;;
SP;RUBINÉIA;SÃO J. DO RIO PRETO;SP 3544509;ITAPETININGA;SP;;;;
SP;SABINO;BAURU;SP 3544608;ITAPETININGA;SP;;;;
SP;SAGRES;PRESIDENTE PRUDENTE;SP 3544707;ITAPETININGA;SP;;;;
SP;SALES;SÃO J. DO RIO PRETO;SP 3544806;ITAPETININGA;SP;;;;
SP;SALES OLIVEIRA;RIBEIRÃO PRETO;SP 3544905;ITAPETININGA;SP;;;;
SP;SALESÓPOLIS;METROP. DE SÃO PAULO;SP 3545001;ITAPETININGA;SP;;;;
SP;SALMOURÃO;PRESIDENTE PRUDENTE;SP 3545100;ITAPETININGA;SP;;;;
SP;SALTINHO;PIRACICABA;SP 3545159;ITAPETININGA;SP;;;;
SP;SALTO;MACRO MET. PAULISTA;SP 3545209;ITAPETININGA;SP;;;;
SP;SALTO DE PIRAPORA;MACRO MET. PAULISTA;SP 3545308;ITAPETININGA;SP;;;;
SP;SALTO GRANDE;ASSIS;SP 3545407;ITAPETININGA;SP;;;;
SP;SANDOVALINA;PRESIDENTE PRUDENTE;SP 3545506;ITAPETININGA;SP;;;;
SP;SANTA ADÉLIA;SÃO J. DO RIO PRETO;SP 3545605;ITAPETININGA;SP;;;;
SP;SANTA ALBERTINA;SÃO J. DO RIO PRETO;SP 3545704;ITAPETININGA;SP;;;;
SP;SANTA BÁRBARA D'OESTE;CAMPINAS;SP 3545803;ITAPETININGA;SP;;;;
SP;SANTA BRANCA;VALE DO PARAÍBA;SP 3546009;ITAPETININGA;SP;;;;
SP;SANTA CLARA D'OESTE;SÃO J. DO RIO PRETO;SP 3546108;ITAPETININGA;SP;;;;
SP;SANTA CRUZ DA CONCEIÇÃO;PIRACICABA;SP 3546207;ITAPETININGA;SP;;;;
SP;SANTA CRUZ DA ESPERANÇA;RIBEIRÃO PRETO;SP 3546256;ITAPETININGA;SP;;;;
SP;SANTA CRUZ DAS PALMEIRAS;CAMPINAS;SP 3546306;ITAPETININGA;SP;;;;
SP;SANTA CRUZ DO RIO PARDO;ASSIS;SP 3546405;ITAPETININGA;SP;;;;
SP;SANTA ERNESTINA;RIBEIRÃO PRETO;SP 3546504;ITAPETININGA;SP;;;;
SP;SANTA FÉ DO SUL;SÃO J. DO RIO PRETO;SP 3546603;ITAPETININGA;SP;;;;
SP;SANTA GERTRUDES;PIRACICABA;SP 3546702;ITAPETININGA;SP;;;;
SP;SANTA ISABEL;METROP. DE SÃO PAULO;SP 3546801;ITAPETININGA;SP;;;;
SP;SANTA LÚCIA;ARARAQUARA;SP 3546900;ITAPETININGA;SP;;;;
SP;SANTA MARIA DA SERRA;PIRACICABA;SP 3547007;ITAPETININGA;SP;;;;
SP;SANTA MERCEDES;PRESIDENTE PRUDENTE;SP 3547106;ITAPETININGA;SP;;;;
SP;SANTA RITA DO PASSA QUATRO;RIBEIRÃO PRETO;SP 3547502;ITAPETININGA;SP;;;;
SP;SANTA RITA D'OESTE;SÃO J. DO RIO PRETO;SP 3547403;ITAPETININGA;SP;;;;
SP;SANTA ROSA DE VITERBO;RIBEIRÃO PRETO;SP 3547601;ITAPETININGA;SP;;;;
SP;SANTA SALETE;SÃO J. DO RIO PRETO;SP 3547650;ITAPETININGA;SP;;;;
SP;SANTANA DA PONTE PENSA;SÃO J. DO RIO PRETO;SP 3547205;ITAPETININGA;SP;;;;
SP;SANTANA DE PARNAÍBA;METROP. DE SÃO PAULO;SP 3547304;ITAPETININGA;SP;;;;
SP;SANTO ANASTÁCIO;PRESIDENTE PRUDENTE;SP 3547700;ITAPETININGA;SP;;;;
SP;SANTO ANDRÉ;METROP. DE SÃO PAULO;SP 3547809;ITAPETININGA;SP;;;;
SP;SANTO ANTÔNIO DA ALEGRIA;RIBEIRÃO PRETO;SP 3547908;ITAPETININGA;SP;;;;
SP;SANTO ANTÔNIO DE POSSE;CAMPINAS;SP 3548005;ITAPETININGA;SP;;;;
SP;SANTO ANTÔNIO DO ARACANGUÁ;ARAÇATUBA;SP 3548054;ITAPETININGA;SP;;;;
SP;SANTO ANTÔNIO DO JARDIM;CAMPINAS;SP 3548104;ITAPETININGA;SP;;;;
SP;SANTO ANTÔNIO DO PINHAL;VALE DO PARAÍBA;SP 3548203;ITAPETININGA;SP;;;;
SP;SANTO EXPEDITO;PRESIDENTE PRUDENTE;SP 3548302;ITAPETININGA;SP;;;;
SP;SANTÓPOLIS DO AGUAPEÍ;ARAÇATUBA;SP 3548401;ITAPETININGA;SP;;;;
SP;SANTOS;BAIXADA SANTISTA;SP 3548500;ITAPETININGA;SP;;;;
SP;SÃO BENTO DO SAPUCAÍ;VALE DO PARAÍBA;SP 3548609;ITAPETININGA;SP;;;;
SP;SÃO BERNARDO DO CAMPO;METROP. DE SÃO PAULO;SP 3548708;ITAPETININGA;SP;;;;
SP;SÃO CAETANO DO SUL;METROP. DE SÃO PAULO;SP 3548807;ITAPETININGA;SP;;;;
SP;SÃO CARLOS;ARARAQUARA;SP 3548906;ITAPETININGA;SP;;;;
SP;SÃO FRANCISCO;SÃO J. DO RIO PRETO;SP 3549003;ITAPETININGA;SP;;;;
SP;SÃO JOÃO DA BOA VISTA;CAMPINAS;SP 3549102;ITAPETININGA;SP;;;;
SP;SÃO JOÃO DAS DUAS PONTES;SÃO J. DO RIO PRETO;SP 3549201;ITAPETININGA;SP;;;;
SP;SÃO JOÃO DE IRACEMA;SÃO J. DO RIO PRETO;SP 3549250;ITAPETININGA;SP;;;;
SP;SÃO JOÃO DO PAU D'ALHO;PRESIDENTE PRUDENTE;SP 3549300;ITAPETININGA;SP;;;;
SP;SÃO JOAQUIM DA BARRA;RIBEIRÃO PRETO;SP 3549409;ITAPETININGA;SP;;;;
SP;SÃO JOSÉ DA BELA VISTA;RIBEIRÃO PRETO;SP 3549508;ITAPETININGA;SP;;;;
SP;SÃO JOSÉ DO BARREIRO;VALE DO PARAÍBA;SP 3549607;ITAPETININGA;SP;;;;
SP;SÃO JOSÉ DO RIO PARDO;CAMPINAS;SP 3549706;ITAPETININGA;SP;;;;
SP;SÃO JOSÉ DO RIO PRETO;SÃO J. DO RIO PRETO;SP 3549805;ITAPETININGA;SP;;;;
SP;SÃO JOSÉ DOS CAMPOS;VALE DO PARAÍBA;SP 3549904;ITAPETININGA;SP;;;;
SP;SÃO LOURENÇO DA SERRA;METROP. DE SÃO PAULO;SP 3549953;ITAPETININGA;SP;;;;
SP;SÃO LUÍS DO PARAITINGA;VALE DO PARAÍBA;SP 3550001;ITAPETININGA;SP;;;;
SP;SÃO MANUEL;BAURU;SP 3550100;ITAPETININGA;SP;;;;
SP;SÃO MIGUEL ARCANJO;MACRO MET. PAULISTA;SP 3550209;ITAPETININGA;SP;;;;
SP;SÃO PAULO;METROP. DE SÃO PAULO;SP 3550308;ITAPETININGA;SP;;;;
SP;SÃO PEDRO;PIRACICABA;SP 3550407;ITAPETININGA;SP;;;;
SP;SÃO PEDRO DO TURVO;ASSIS;SP 3550506;ITAPETININGA;SP;;;;
SP;SÃO ROQUE;MACRO MET. PAULISTA;SP 3550605;ITAPETININGA;SP;;;;
SP;SÃO SEBASTIÃO;VALE DO PARAÍBA;SP 3550704;ITAPETININGA;SP;;;;
SP;SÃO SEBASTIÃO DA GRAMA;CAMPINAS;SP 3550803;ITAPETININGA;SP;;;;
SP;SÃO SIMÃO;RIBEIRÃO PRETO;SP 3550902;ITAPETININGA;SP;;;;
SP;SÃO VICENTE;BAIXADA SANTISTA;SP 3551009;ITAPETININGA;SP;;;;
SP;SARAPUÍ;MACRO MET. PAULISTA;SP 3551108;ITAPETININGA;SP;;;;
SP;SARUTAIÁ;ASSIS;SP 3551207;ITAPETININGA;SP;;;;
SP;SEBASTIANÓPOLIS DO SUL;SÃO J. DO RIO PRETO;SP 3551306;ITAPETININGA;SP;;;;
SP;SERRA AZUL;RIBEIRÃO PRETO;SP 3551405;ITAPETININGA;SP;;;;
SP;SERRA NEGRA;CAMPINAS;SP 3551603;ITAPETININGA;SP;;;;
SP;SERRANA;RIBEIRÃO PRETO;SP 3551504;ITAPETININGA;SP;;;;
SP;SERTÃOZINHO;RIBEIRÃO PRETO;SP 3551702;ITAPETININGA;SP;;;;
SP;SETE BARRAS;LITORAL SUL PAULISTA;SP 3551801;ITAPETININGA;SP;;;;
SP;SEVERÍNIA;SÃO J. DO RIO PRETO;SP 3551900;ITAPETININGA;SP;;;;
SP;SILVEIRAS;VALE DO PARAÍBA;SP 3552007;ITAPETININGA;SP;;;;
SP;SOCORRO;CAMPINAS;SP 3552106;ITAPETININGA;SP;;;;
SP;SOROCABA;MACRO MET. PAULISTA;SP 3552205;ITAPETININGA;SP;;;;
SP;SUD MENNUCCI;ARAÇATUBA;SP 3552304;ITAPETININGA;SP;;;;
SP;SUMARÉ;CAMPINAS;SP 3552403;ITAPETININGA;SP;;;;
SP;SUZANÁPOLIS;ARAÇATUBA;SP 3552551;ITAPETININGA;SP;;;;
SP;SUZANO;METROP. DE SÃO PAULO;SP 3552502;ITAPETININGA;SP;;;;
SP;TABAPUÃ;SÃO J. DO RIO PRETO;SP 3552601;ITAPETININGA;SP;;;;
SP;TABATINGA;ARARAQUARA;SP 3552700;ITAPETININGA;SP;;;;
SP;TABOÃO DA SERRA;METROP. DE SÃO PAULO;SP 3552809;ITAPETININGA;SP;;;;
SP;TACIBA;PRESIDENTE PRUDENTE;SP 3552908;ITAPETININGA;SP;;;;
SP;TAGUAÍ;ASSIS;SP 3553005;ITAPETININGA;SP;;;;
SP;TAIAÇU;RIBEIRÃO PRETO;SP 3553104;ITAPETININGA;SP;;;;
SP;TAIÚVA;RIBEIRÃO PRETO;SP 3553203;ITAPETININGA;SP;;;;
SP;TAMBAÚ;CAMPINAS;SP 3553302;ITAPETININGA;SP;;;;
SP;TANABI;SÃO J. DO RIO PRETO;SP 3553401;ITAPETININGA;SP;;;;
SP;TAPIRAÍ;MACRO MET. PAULISTA;SP 3553500;ITAPETININGA;SP;;;;
SP;TAPIRATIBA;CAMPINAS;SP 3553609;ITAPETININGA;SP;;;;
SP;TAQUARAL;RIBEIRÃO PRETO;SP 3553658;ITAPETININGA;SP;;;;
SP;TAQUARITINGA;RIBEIRÃO PRETO;SP 3553708;ITAPETININGA;SP;;;;
SP;TAQUARITUBA;ITAPETININGA;SP 3553807;ITAPETININGA;SP;;;;
SP;TAQUARIVAÍ;ITAPETININGA;SP 3553856;ITAPETININGA;SP;;;;
SP;TARABAI;PRESIDENTE PRUDENTE;SP 3553906;ITAPETININGA;SP;;;;
SP;TARUMÃ;ASSIS;SP 3553955;ITAPETININGA;SP;;;;
SP;TATUÍ;ITAPETININGA;SP 3554003;ITAPETININGA;SP;;;;
SP;TAUBATÉ;VALE DO PARAÍBA;SP 3554102;ITAPETININGA;SP;;;;
SP;TEJUPÁ;ASSIS;SP 3554201;ITAPETININGA;SP;;;;
SP;TEODORO SAMPAIO;PRESIDENTE PRUDENTE;SP 3554300;ITAPETININGA;SP;;;;
SP;TERRA ROXA;RIBEIRÃO PRETO;SP 3554409;ITAPETININGA;SP;;;;
SP;TIETÊ;PIRACICABA;SP 3554508;ITAPETININGA;SP;;;;
SP;TIMBURI;ASSIS;SP 3554607;ITAPETININGA;SP;;;;
SP;TORRE DE PEDRA;ITAPETININGA;SP 3554656;ITAPETININGA;SP;;;;
SP;TORRINHA;PIRACICABA;SP 3554706;ITAPETININGA;SP;;;;
SP;TRABIJU;ARARAQUARA;SP 3554755;ITAPETININGA;SP;;;;
SP;TREMEMBÉ;VALE DO PARAÍBA;SP 3554805;ITAPETININGA;SP;;;;
SP;TRÊS FRONTEIRAS;SÃO J. DO RIO PRETO;SP 3554904;ITAPETININGA;SP;;;;
SP;TUIUTI;MACRO MET. PAULISTA;SP 3554953;ITAPETININGA;SP;;;;
SP;TUPÃ;MARÍLIA;SP 3555000;ITAPETININGA;SP;;;;
SP;TUPI PAULISTA;PRESIDENTE PRUDENTE;SP 3555109;ITAPETININGA;SP;;;;
SP;TURIÚBA;ARAÇATUBA;SP 3555208;ITAPETININGA;SP;;;;
SP;TURMALINA;SÃO J. DO RIO PRETO;SP 3555307;ITAPETININGA;SP;;;;
SP;UBARANA;SÃO J. DO RIO PRETO;SP 3555356;ITAPETININGA;SP;;;;
SP;UBATUBA;VALE DO PARAÍBA;SP 3555406;ITAPETININGA;SP;;;;
SP;UBIRAJARA;BAURU;SP 3555505;ITAPETININGA;SP;;;;
SP;UCHOA;SÃO J. DO RIO PRETO;SP 3555604;ITAPETININGA;SP;;;;
SP;UNIÃO PAULISTA;SÃO J. DO RIO PRETO;SP 3555703;ITAPETININGA;SP;;;;
SP;URÂNIA;SÃO J. DO RIO PRETO;SP 3555802;ITAPETININGA;SP;;;;
SP;URU;BAURU;SP 3555901;ITAPETININGA;SP;;;;
SP;URUPÊS;SÃO J. DO RIO PRETO;SP 3556008;ITAPETININGA;SP;;;;
SP;VALENTIM GENTIL;SÃO J. DO RIO PRETO;SP 3556107;ITAPETININGA;SP;;;;
SP;VALINHOS;CAMPINAS;SP 3556206;ITAPETININGA;SP;;;;
SP;VALPARAÍSO;ARAÇATUBA;SP 3556305;ITAPETININGA;SP;;;;
SP;VARGEM;MACRO MET. PAULISTA;SP 3556354;ITAPETININGA;SP;;;;
SP;VARGEM GRANDE DO SUL;CAMPINAS;SP 3556404;ITAPETININGA;SP;;;;
SP;VARGEM GRANDE PAULISTA;METROP. DE SÃO PAULO;SP 3556453;ITAPETININGA;SP;;;;
SP;VÁRZEA PAULISTA;MACRO MET. PAULISTA;SP 3556503;ITAPETININGA;SP;;;;
SP;VERA CRUZ;MARÍLIA;SP 3556602;ITAPETININGA;SP;;;;
SP;VINHEDO;CAMPINAS;SP 3556701;ITAPETININGA;SP;;;;
SP;VIRADOURO;RIBEIRÃO PRETO;SP 3556800;ITAPETININGA;SP;;;;
SP;VISTA ALEGRE DO ALTO;RIBEIRÃO PRETO;SP 3556909;ITAPETININGA;SP;;;;
SP;VITÓRIA BRASIL;SÃO J. DO RIO PRETO;SP 3556958;ITAPETININGA;SP;;;;
SP;VOTORANTIM;MACRO MET. PAULISTA;SP 3557006;ITAPETININGA;SP;;;;
SP;VOTUPORANGA;SÃO J. DO RIO PRETO;SP 3557105;ITAPETININGA;SP;;;;
SP;ZACARIAS;SÃO J. DO RIO PRETO;SP 3557154;ITAPETININGA;SP;;;;
